{
    "utterances": [
        {
            "text": "make the cube green",
            "entities": [
                {
                    "entity": "colour:colour",
                    "start": 14,
                    "end": 19,
                    "body": "green",
                    "entities": []
                },
                {
                    "entity": "cube:cube",
                    "start": 9,
                    "end": 14,
                    "body": "cube ",
                    "entities": []
                }
            ],
            "traits": [],
            "intent": "change_colour"
        }
    ]
}
