{
    "utterances": [
        {
            "text": "blay",
            "entities": [
                {
                    "entity": "play_word:play_word",
                    "start": 0,
                    "end": 3,
                    "body": "bla",
                    "entities": []
                }
            ],
            "traits": [],
            "intent": "play_word"
        },
        {
            "text": "play",
            "entities": [
                {
                    "entity": "play_word:play_word",
                    "start": 0,
                    "end": 4,
                    "body": "play",
                    "entities": []
                }
            ],
            "traits": [],
            "intent": "play_word"
        }
    ]
}
